<?xml version="1.0" encoding="UTF-8"?>

<!-- 
	文件名： build_option.xml
	创建日期： 2010/4/8
	描述：
		项目构建的参数设置，所有路径等变化的属性都在这里进行设置，
		如项目路径、工具路径等。
-->

<project name="option" default="">
	<!-- 项目可配置属性定义 -->
	<property environment="env" />
	<!-- 请不要修改 -->
	<property name="project_name" value="${env.JOB_NAME}"/>
	<!-- 请不要修改 -->
	<property name="file_name_prefix" value="${env.BaseLine}"/>
	<property name="file_name_for_sample" value="open-sdk"/>
	<!-- 请不要修改 -->
	<property name="sample_project_path" value="${env.WORKSPACE}\Sample4SDK_1.5"/>
	<property name="sdk_project_path" value="${env.WORKSPACE}\SDK_1.5" />
	<!-- 请不要修改 -->
	<property name="android_home" value="C:\android-sdk-windows"/>
	<property name="android_tools" value="C:\android-sdk-windows\tools"/>
	<!-- 注意，这里的android sdk的版本，请参考Android-versions.txt对应表进行设置-->
	<property name="android_platform_tools" value="C:\android-sdk-windows\platforms\android-8\tools"/>
	<property name="proguard_home" value="C:\Progra~1\proguard4.4"/>
	<property name="keystore" value="${project_path}\debug.keystore"/>
	<!-- 需要设置签名文件名称-->
	<property name="key_name" value="androiddebugkey"/>
	<!-- 需要设置-->
	<property name="key_pass" value="android"/>
	<!-- 需要设置-->
	
</project>
