<?xml version="1.0" ?>
<project name="build_common_sdk" default="" basedir=".">

	<!-- ######属性定义部分###### -->
	<!-- 时间戳属性定义，用于包的文件名 -->
	<tstamp>
		<format property="build_date" pattern="yyyyMMddHHmmss" />
		<format property="build_number" pattern="yyyyMMdd" />
	</tstamp>

	<!-- 项目的目录属性定义 -->
	<property name="sdk_src" value="${sdk_project_path}\src" />
	<!-- 源代码 -->
	<property name="sdk_res" value="${sdk_project_path}\res" />
	<!-- 资源 -->
	<property name="sdk_lib" value="${sdk_project_path}\libs" />
	<!-- 库 -->
	<property name="sdk_libs" value="${sdk_project_path}\libs" />
	<!-- .so库 -->
	<property name="sdk_assets" value="${sdk_project_path}\assets" />
	<!-- assets -->
	<property name="sdk_bin" value="${sdk_project_path}\bin" />
	<!-- 包目录 -->
	<property name="sdk_classes" value="${sdk_project_path}\classes" />
	<!-- classes -->
	<property name="sdk_gen" value="${sdk_bin}\gen" />
	<!-- 生成R.java -->
	<property name="testlib" value="AutoTest\libs" />
	<!-- 测试 -->
	<!-- <property name="testresult" value="${jar_path}" /> -->
	<!-- 测试 -->
	<property name="sampledir" value="${sample_project_path}\libs" />

	<!-- 编码设置 -->
	<property name="encoding" value="UTF-8" />

	<!-- 文件名定义，由前缀+时间戳组成 -->
	<!-- <property name="file_name" value="${file_name_prefix}_${build_date}" /> -->
	<property name="file_name" value="${file_name_prefix}" />
	<property name="file_name_for_sample" value="${file_name_prefix_for_sample}" />

	<!-- Android framework定义 -->
	<property name="android_framework" value="${android_tools}\lib\framework.aidl" />
	<property name="dex" value="${sdk_bin}\classes.dex" />

	<!-- 工具属性定义 -->
	<property name="aapt" value="${android_platform_tools}\aapt" />
	<property name="aidl" value="${android_platform_tools}\aidl" />
	<property name="adb" value="${android_platform_tools}\adb" />
	<property name="dx" value="${android_platform_tools}\dx.bat" />
	<property name="apkbuilder" value="${android_home}\tools\apkbuilder.bat" />
	<!--待确认-->
	<property name="androidjar" value="${android_home}\platforms\android-8\android.jar" />
	
	<!-- ###### Target定义部分 ###### -->
	<!-- 初始化目录 -->
	<target name="init_sdk">
		<echo>如果bin和lib目录不存在，则创建</echo>
		<mkdir dir="${sdk_bin}" />
		<mkdir dir="${sdk_lib}" />
		<mkdir dir="${sdk_libs}" />
		<echo>
			清空bin和classes目录
		</echo>
			<delete includeemptydirs="true" verbose="true" failonerror="false">
			    <fileset dir="${jar_path}" includes="**/**" />
			</delete>
		<delete dir="${sdk_classes}" />
		<delete>
		    <fileset dir="${sdk_bin}" includes="**/**" />
		</delete>
		<mkdir dir="${sdk_classes}" />
		<mkdir dir="${sdk_gen}" />
	</target>


	<!-- 为该项目资源生成R.java文件 -->
	<target name="generate_sdk">
		<echo>Generating R.java / Manifest.java from the resources...</echo>
		<exec executable="${aapt}" failonerror="true">
			<arg value="package" />
			<arg value="-m" />
			<arg value="-J" />
			<arg value="${sdk_gen}" />
			<arg value="-M" />
			<arg value="${sdk_project_path}\AndroidManifest.xml" />
			<arg value="-S" />
			<arg value="${sdk_res}" />
			<arg value="-I" />
			<arg value="${androidjar}" />
		</exec>
	</target>
	
	<!-- 编译项目的.java文件为.class文件 -->
	<target name="compile_sdk">
		<echo>开始编译...</echo>
		<javac encoding="UTF-8" debug="true" extdirs="" source="1.6" target="1.6" destdir="${sdk_classes}" bootclasspath="${androidjar}"  includeantruntime="on">
			<src path="${sdk_src}" />
			<src path="${sdk_gen}" />
			<classpath>
				<fileset dir="${sdk_lib}" includes="*.jar" />
				<fileset dir="${sdk_project_path}\extralib" includes="annotations.jar" />
			</classpath>
		</javac>
		<echo>结束编译...</echo>
	</target>

	<!-- 打包 -->
	<target name="package_sdk">
		<jar basedir="${sdk_classes}" destfile="temp.jar" />
	</target>

	<!-- 对打包后的结果进行混淆 -->
	<target name="obfuscate_sdk">
		<java jar="${proguard_home}\lib\proguard.jar" fork="true" failonerror="true">
			<jvmarg value="-Dmaximum.inlined.code.length=32" />
			<arg value="-injars temp.jar" />
			<arg value="-outjars obfuscated.jar" />
			<arg value="-libraryjars ${androidjar}" />
			<arg value="-libraryjars ${sdk_lib}" />
			<arg value="-libraryjars ${sdk_project_path}\extralib\annotations.jar" />

			<!-- <arg value="-dontpreverify"/> -->
			<arg value="-dontoptimize" />
			<arg value="-dontusemixedcaseclassnames" />
			<arg value="-keep public class *" />
			
			<!-- <arg value="-keep class com.tencent.open.Util"/>
			<arg value="-keep class com.tencent.open.Util {*;}"/>
			<arg value="-keep class com.tencent.open.Util.*"/>
			<arg value="-keep class com.tencent.open.Util.* {*;}"/> 
			<arg value="-keep class com.tencent.open.TDialog"/>
			<arg value="-keep class com.tencent.open.TDialog {*;}"/> -->
			<arg value="-keep class com.tencent.open.TDialog$*"/>
			<arg value="-keep class com.tencent.open.TDialog$* {*;}"/>
			
			<!-- <arg value="-keep class com.tencent.open.*" />
			<arg value="-keep class com.tencent.open.* {*;}" />  -->
			<arg value="-keep class com.tencent.tauth.*" />
			<arg value="-keep class com.tencent.tauth.* {*;}" />
			<arg value="-keep class com.tencent.tauth.bean.*" />
			<arg value="-keep class com.tencent.tauth.bean.* {*;}" />

			<arg value="-keep class * implements android.os.Parcelable {public static final android.os.Parcelable$Creator *;}"/>
			<arg value="-printmapping mappingfile.txt" />
			<!-- <arg value="-optimizationpasses 7"/>  -->
			<arg value="-verbose" />
			<arg value="-dontskipnonpubliclibraryclasses" />
			<arg value="-dontskipnonpubliclibraryclassmembers" />
			<arg value="-printmapping ${sdk_bin}/mapping.txt" />
			<arg value="-renamesourcefileattribute ProGuard" />
			<arg value="-keepattributes SourceFile,LineNumberTable" />
		</java>
		<delete file="temp.jar" />
		<delete dir="${sdk_classes}" />
	</target>

	<!-- 拷贝apk到测试目录 -->
	<target name="copy_to_testdir_sdk">
		<!-- <copy file="${bin}\mapping.txt" tofile="${testresult}\mapping.txt" /> -->
		<copy file="obfuscated.jar" tofile="${sdk_bin}\${file_name_for_sample}.jar" />
		<copy file="obfuscated.jar" tofile="${sampledir}\${file_name_for_sample}.jar" />
		<delete file="obfuscated.jar" />
	</target>
</project>
